title,company,location,link,source,date
Dot Net Developer (Azure),DBiz.ai,"Melbourne, Victoria, Australia (On-site)",https://www.linkedin.com/jobs/view/4261814622/?eBP=CwEAAAGYa19hdFIzjuUEdjBu3n6hpzJkwyrYEVGFUTPwcyI3q-qgFqH4jmJSeetLUyuQ-3NIUiGHey_VH5fN3P4V1-5hrHU5WSUkWQ4iOx7-FD_efT7bZ0QjJlRxUE3cb9DsQPUBzLoLcga_HOmPR5MhcJ9huFyM01gQOK7hBUoL8X6Pk2hnvIloVW4M3VaQvHC1jMC40QMcmkre6YvVfQn_AFMv3vDlPOG2-izQfkbBwfR_4fLyj0dhSqGeVYSGjK5ZW4FUrmjaz4Xyph85ctKvrhG4Tuzpuc-UiI62aWiL6RfJXs1ThmO8yzAddbLODQidP8zZi82WOJoB_GRHeViqbzRG4nsONnIMRLRxDmbuEfeXJwX08BKrz73MFQh3kOw_tYmihowmImaTknHrDmPwik-NmMSXVRwJ_LbyvWghAjfvKD4S65jjoMJwk9ZUJx-fUILryvOmLkaeUWNL2UVxDgEcIv7q6IYcGE8lFl3fdAwZnF_v2rwi9GbMjeS8XLpoJQ-r&refId=2LUIUUH7zCCc1uD8cAGMFQ%3D%3D&trackingId=GOAirx4PqvOebUQGJCOC7A%3D%3D&trk=flagship3_search_srp_jobs,LinkedIn,2025-08-02
Software Engineer,Ofload,"Sydney, New South Wales, Australia (Hybrid)",https://www.linkedin.com/jobs/view/4271139295/?eBP=CwEAAAGYa19hdKNDglnbyD2t0xUG3GCwM-ZuQfNqOwlXXBBYA9DR_kX-C4EpaqZjO6EgLPXMcxDF2nLLW1zk606MIKEyDUmdhjNoZlLw47KhsdmybMlxoOqGkJlZ4_tclaxP8AD7l0RNTqZEIZkf-76WdEg8Vy2L_zQtnVes7HbnTEmN_FmOGCwfALqaP1oQNP1fxig4_m1rFtBkYCiH_1DVYnfjJnitgrGHVf0kxQ4jD5BJVIOO8VfgFC6DXsM9s9Du0KuAT2yF3UTko21o6njQq-ZM1PDeEDYTY_SaXiHEN5RhXCxVYyLwLksZKtOzWY8iLa4vNRgwX50aSr6v4YFSHc_0hESgNk7BvSfAQ2tDeYHZRpDD8sOPlHnkttsi-WqVCJ2IK52S5Ix9bsyciUUsN8cWKZuw2LcxYLo4qWqW1J3qDbRZTlxddL8Ei8nMMTt_b2B73Lzwz_XbHLI-IdPZgL-MTlMsmpQS6QCibcjhbW-SexF2Icd6SXxlsshctqH5cIeA&refId=2LUIUUH7zCCc1uD8cAGMFQ%3D%3D&trackingId=sh1vDFkX5EyHIV4WWWmqlA%3D%3D&trk=flagship3_search_srp_jobs,LinkedIn,2025-08-02
Software Engineer,Summit Technical Solutions,"Sydney, New South Wales, Australia (On-site)",https://www.linkedin.com/jobs/view/4270949514/?eBP=CwEAAAGYa19hdCr8dwyS_c_P2GWSwYvR1Ne5C8MnimyBegLlcj88pQpfbMsGsZ_K8djH9yTrp3uGamMjqVuWzy_xLB_VOup6sm5u-CyUL7LKNUsPFRIzzq9E9P3uG_5cp0E3S0EufxFQclu6A4QdReBlaIbzQvMZCKGIK1ZxxNknKlyBryyWXQGQICUf_S3VIw2GQxRyH85vzPLhj7iPKrLdY29Jdc501EVljfAAt1eSvB6wzzpioUFQJ2ogECBWlooCyfF3plwJDydVcYEtGqYOdvqpf7oJ7ngFwgWj65SItME3CbDsydWqE-3Wx07zF42cDO_BX1VuaTEZHymCi7jbw8NOtMEd71QE4A6_Gf1_AOhkuIQBXF2oFqIQtCyHIz6GAPaN1jfzNyo6KKAhTB7YrTkkVQjwbuggKx6j8j54eIvbiLUHCoEbGWXZ96B2S7G37aD9EnMQu4ruk3jSM9iA2wDjxhGPApW3Y24wcLZ3k0IRj3nI8_TTiDLW941JGaU&refId=2LUIUUH7zCCc1uD8cAGMFQ%3D%3D&trackingId=XR0wh8wO6aZebI1UFMTJ8w%3D%3D&trk=flagship3_search_srp_jobs,LinkedIn,2025-08-02
Dotnet Developer,CareCone Group,"Sydney, New South Wales, Australia (Hybrid)",https://www.linkedin.com/jobs/view/4278721209/?eBP=CwEAAAGYa19hdNm1STKsboV03lRO7O-DLuK3hBfDM6FR1Q2fhlu-Fcp3izG8p6QbvSD-qSD8_K72eSJQRt_Y2nB5CBQdPrk46XTF1jBGhpIZoxNN7kxwKBNFSONXm0wknDhnSaM09ft4kmGfEkhiz8APrq6Xa4MmX6vF5lJVbIYNACAUlvR3sihWKUW_8al7A_Q1zpdJpoUaoD7icK7FYwpkPl3Oif_3NJ3qCPsrHhCH_RXumrsvus4mT9TWR28PgeMbVqGQ3fIt8e0rBgqyYRV1LYwMWc3wb39fHJg5rlHaVJhHszjJBfYIPG0xdOiBJDIguenk5C15UHFFQa6qEf5uzo3lSCSE7-V6nxjl9ar4UH1CqKCOgYdAKaVU6kbnnSYxfj3gaecr23dOD7wcOu10zoGVZ94cznrTzyiffI31TVKYrUS1fFnjCk_8asRlb_tcj3tJyQH1NA3JeyjOUCZJJ7HBm9CpZUnAdzp6rT8QTVksQfd0YF98xTsZAKP7DavDT7z_&refId=2LUIUUH7zCCc1uD8cAGMFQ%3D%3D&trackingId=nk6UMWB%2BeaSSRPCbtj0cJA%3D%3D&trk=flagship3_search_srp_jobs,LinkedIn,2025-08-02
Sitecore Fullstack Developer,Datamatics,"Melbourne, Victoria, Australia (Hybrid)",https://www.linkedin.com/jobs/view/4273814821/?eBP=CwEAAAGYa19hdNB0UZxyEkDyfc0agnoLVCU_QIi_LenY6yV9Fe-e4YXW6yVXxKIT9Ztqd4NjCWBy5o4iOxQnOxWyYieshRJplzkkuY0JV0CDoAvIg6bn1ewNBeSMZdVJVRd0X3Aq0REFcY01AgOzm-agOF_nteAVnuv0TBc2embyV4MfE1l_kCMQVm-u1S6SHiGv_Ee8RldNXedKKsJnv-TrbKnC1sxja9_U92jgyG8qxfvhzk9FGprHiSNl3EFw0EsmZprq2e0Qpm1sP3Wt1z8IDXouH-0x6smahY28hWBb3ZU4TA19cL3nvY9T17exqDvD1AqqA8n-SiQKnECT2EiI48ah2WpB1CT-RuAe-6g4ESP1ESOe7CVfgcAwK_52_Of_dnaM-eejcE6uIwv7yKW6bSkOeZgwhZq3kIVyk3F2Jdajb4FBD1srQ1I0DrSdzqMW0F6BCGYlqLfjeM70iNUyz5puM-qc8knmbQo0z9Vae8TQq3BRHxFHH0fSOO-fdRVhJw&refId=2LUIUUH7zCCc1uD8cAGMFQ%3D%3D&trackingId=TUMSvIP%2FNrAbvYdSNrKf5A%3D%3D&trk=flagship3_search_srp_jobs,LinkedIn,2025-08-02
Software Developer (.NET),Selby Jennings,"Singapore, Singapore (On-site)",https://www.linkedin.com/jobs/view/4268166007/?eBP=NOT_ELIGIBLE_FOR_CHARGING&refId=avyrYa0asYHuZaaW9MeC%2BQ%3D%3D&trackingId=jh77vA8jYhAHfefddYisAA%3D%3D&trk=flagship3_search_srp_jobs,LinkedIn,2025-08-02
Dotnet Developer,HCLTech,"Singapore, Singapore (On-site)",https://www.linkedin.com/jobs/view/4264330603/?eBP=NOT_ELIGIBLE_FOR_CHARGING&refId=avyrYa0asYHuZaaW9MeC%2BQ%3D%3D&trackingId=pW%2Flo14AqKkD6RLcNYdfNg%3D%3D&trk=flagship3_search_srp_jobs,LinkedIn,2025-08-02
Software Developer,Nxera,"Singapore, Singapore (On-site)",https://www.linkedin.com/jobs/view/4278626302/?eBP=NOT_ELIGIBLE_FOR_CHARGING&refId=avyrYa0asYHuZaaW9MeC%2BQ%3D%3D&trackingId=XEs1xx1WOF29oqKyd2Rlvg%3D%3D&trk=flagship3_search_srp_jobs,LinkedIn,2025-08-02
Dot Net Developer,Cognizant,"Singapore, Singapore (On-site)",https://www.linkedin.com/jobs/view/4267717776/?eBP=NOT_ELIGIBLE_FOR_CHARGING&refId=avyrYa0asYHuZaaW9MeC%2BQ%3D%3D&trackingId=1iEmr7RS%2FecyF0D0WmGTpQ%3D%3D&trk=flagship3_search_srp_jobs,LinkedIn,2025-08-02
Junior Dotnet Developer,Aitek Group,"Singapore, Singapore (On-site)",https://www.linkedin.com/jobs/view/4278045617/?eBP=NOT_ELIGIBLE_FOR_CHARGING&refId=avyrYa0asYHuZaaW9MeC%2BQ%3D%3D&trackingId=%2B1y8iqKpb1ki8JaifAkREg%3D%3D&trk=flagship3_search_srp_jobs,LinkedIn,2025-08-02
Back End Developer,JELLYFISH,"Tokyo, Tokyo, Japan (Hybrid)",https://www.linkedin.com/jobs/view/4266154069/?eBP=NOT_ELIGIBLE_FOR_CHARGING&refId=VKd7YQAGSUbTCrzsuB5Sbw%3D%3D&trackingId=lKvWW6gMayxMX5jTL3XCxQ%3D%3D&trk=flagship3_search_srp_jobs,LinkedIn,2025-08-02
Junior Developer,Vigience,"Shinagawa-ku, Tokyo, Japan (On-site)",https://www.linkedin.com/jobs/view/4275868492/?eBP=NOT_ELIGIBLE_FOR_CHARGING&refId=VKd7YQAGSUbTCrzsuB5Sbw%3D%3D&trackingId=hHsU3djFqNVHA9W%2FJchIIA%3D%3D&trk=flagship3_search_srp_jobs,LinkedIn,2025-08-02
Software Engineer,AppCurators,Japan (Remote),https://www.linkedin.com/jobs/view/4276586550/?eBP=NOT_ELIGIBLE_FOR_CHARGING&refId=VKd7YQAGSUbTCrzsuB5Sbw%3D%3D&trackingId=DE9NNcl7JL29KxMp8dgh5g%3D%3D&trk=flagship3_search_srp_jobs,LinkedIn,2025-08-02
Back-End API Developer,Frontline Data Solutions,Japan (Remote),https://www.linkedin.com/jobs/view/4270600228/?eBP=NOT_ELIGIBLE_FOR_CHARGING&refId=VKd7YQAGSUbTCrzsuB5Sbw%3D%3D&trackingId=C%2FNV6l1vwqdUxumf5SZqVg%3D%3D&trk=flagship3_search_srp_jobs,LinkedIn,2025-08-02
Software Engineer,Human Resocia/Global IT Talent,"Tokyo, Tokyo, Japan (Hybrid)",https://www.linkedin.com/jobs/view/4204335381/?eBP=NOT_ELIGIBLE_FOR_CHARGING&refId=VKd7YQAGSUbTCrzsuB5Sbw%3D%3D&trackingId=13R101rJjqzBntfmX%2BV9%2FA%3D%3D&trk=flagship3_search_srp_jobs,LinkedIn,2025-08-02
Senior .Net Develoepr,The Network Technology Recruitment,"Canberra, Australian Capital Territory, Australia (On-site)",https://www.linkedin.com/jobs/view/4272848245/?eBP=CwEAAAGYa1-aS-q8q14_D3B4sq-174qkrRdTuOZwTCxeXGNI0NjxsS7f5AMWwpLABco3rsJ8El8ZUBa06RzTGlqJEgraNSNcnptxe6Mq57Xur1hXf2sv-LjReOkptjqSCCNkh-Rgju-7GpvLE0B58Xfw-5J9DU99UjBTHBH0qoDnFqoBEEaE71_ogL5uqCOFkNOP3_wKzDvHNnfr8qbDgrMD8wDrErekzUhQqX3fDl1CXeyh05ah9krwqiTk5smEWXoaFcpCs7vp8ljT-PVFxEt7qmQ9qP5df8x6N0z3V5cH8VoD3As-2NJ-1UfpaTTnhhIn9TrJg7U5nZAqB722ki6Dm0wO0VS_N1cug2theFrRwUZ6yO_zM_S8_7WQYiDk98p0HBvp3x3hxcE_gtXakBL48G45vpMXJWb1JtZxi_m5xECf2ZRYkHNwq5E5q3ETcD2Se_-ZfXsgEZrDkpFYF6BUzq719ehdbV6pjro4gRJCV0nsAGrDosK6gHKlmcN_rpGz2ZlMhiLwTQ&refId=5KCh4%2B1OXrvwhbOnb%2B9vIw%3D%3D&trackingId=8h0taD85zd%2Bjvm9NLWxYiQ%3D%3D&trk=flagship3_search_srp_jobs,LinkedIn,2025-08-02
Full Stack Engineer,Pacflow,"Sydney, New South Wales, Australia (Hybrid)",https://www.linkedin.com/jobs/view/4268484293/?eBP=CwEAAAGYa1-aS2L8kEUO5CU5ZgNQFgmN1Gww7EmUqNCD_KlDxVF_oRudMv3bPluQby5ngILogx32nXxidTebtTUbzgNRQR5YqO1EnArfN6OWMqgktUfWIzFw-mPEpuUEhY4sudaM9lcgqB4aIY-HNti9b5N3vBbNQg7G96AyuXPSrkOFEOYEmilPlJWpuLsFYnoqY6z4qhzjuOKIULJI-M3N1MK8l_YKDsSGTiNC3oDhnvJywqjjZtEm7ceUSUT1GspyJen_kZGn0IM5Qlg3j343uWeVt6Sn2F-A7080DVSRWrdGLem-5EaB0IBn9xRasDJpdcq385GBMs7EXNERlzQutBpSnwYUjdua0Y7mE3oC6uCEPiwNmjbeJ94nYtjcGdA4ByJQvBv1_9S3SXZdDBOmfE8iAc5uEl-dNIglBr2pC6BIF_IWi3TIGavLtyXQRgCLtvWrDhYKWZT0oT5-93LD8e3km3PGPfrAfLtR7KpiWnozUfCMGwfxGTkidLEeJENi-uyS08Aj-7y9zdXlDexPvywEOyFjHQ&refId=5KCh4%2B1OXrvwhbOnb%2B9vIw%3D%3D&trackingId=5GvfKVFFMKvKJb4fDArMJw%3D%3D&trk=flagship3_search_srp_jobs,LinkedIn,2025-08-02
C# Developer - Risk,Susquehanna International Group,"Sydney, New South Wales, Australia (On-site)",https://www.linkedin.com/jobs/view/4270232941/?eBP=CwEAAAGYa1-aS7VI4IR3hgVPQNRZfWPr4mBntGpNHHSpzx8kv6AECVzcCMtSQ1bF_lRiB6YEaqvS3WalD-j2DQ7adS7QjmuGnGdMfqxoEbLYSoY3pB9wIoFETszoQ2Tx8ZKsJFwv9oOsvXJixnqBjoH1tgrV9LgcpkXtLFK17YM1FxJdp_3WXOgIUPdudApqejG3PClRK4-tR_PGXvCi1PzwsRBqptLUHch4UveWvftOPVoQ7SQrOFMF7-Wq-ey8WmZFWRGED3eYvaVCGMmVLxvpEN-d5Pck7P-5OftDM7MfpJ47-i-FIs-wdMRrNFpWEQyR4kDFdXWgvqtQgCbLnflLYU8BIVCNlGGnwk21VCVpAXRKLQh1w9wca5yfbGz4FJTZeX32ARwzRB_ImeBRoPqtyLkwOie3P9NEs4Y4c_eQUf21K-2t0kg3vxOE7fiTd1OMB6kJjNrcV8geiH7LI34SSZGcDF-uNNs0DiSdsUOGMJFpYcC9xHR4IspSmf4DF1sb7gnpXTN_iG-d&refId=5KCh4%2B1OXrvwhbOnb%2B9vIw%3D%3D&trackingId=qfi16f%2BC5g3l8elnXoF3gw%3D%3D&trk=flagship3_search_srp_jobs,LinkedIn,2025-08-02
Full Stack Product Developer,Pier Two,"Brisbane, Queensland, Australia (On-site)",https://www.linkedin.com/jobs/view/4268125590/?eBP=CwEAAAGYa1-aS9F92ZYctB4ELBDqmWnIXtw7ZfKlhjKAUM-r36c5lnSWffjBFvtxo-VaP1qKME280qcVha1Jf4z66BdABfaGmzOKkMHJQICR0KLYoIsNnSP_yL9YNeKBN15qxFJ9Fk6ppF9gZP23yYMJ1mZFO34mI36L_W-mpfW7tny1wP8MBeue0ouzPsQIPxXAzwUs_eaJGfi0ZmvdKvyl279OA1L0DVk0ieM16Z7LG6nfkWAwTBRuS3DJ5tCZznUM2zndtnVUVVS4TrihT2pZjfRQFOnCOItybzFCsA7ABwVYce0vEV66eTFOYqUUmwOGxBk3nJF34Pj4CLdDoOW4yqSuqVlDc7nhGdxlWEn6cfiVR2LBHH6kYX7MQ1sOioNYVghjRda6mxBBDnRqOZ6s3-5DTpjmAeSHW6o6NZy0AFjR7O8CnK2pdc3TrdFw8pdYX2hvA8EpPfbL86J0KLWYQGX7cH8xk2lHOFAWDToc5O64V21sFOYAAvkoOOdX9YZFjWDGioO70-tmhZuiGY5jJ_LFTAIJKsuwIw&refId=5KCh4%2B1OXrvwhbOnb%2B9vIw%3D%3D&trackingId=Z%2FkIWOkp5cPd5DyLKPiJJw%3D%3D&trk=flagship3_search_srp_jobs,LinkedIn,2025-08-02
Software Developer – .Net C#,Dematic,"Belrose, New South Wales, Australia (On-site)",https://www.linkedin.com/jobs/view/4267683860/?eBP=CwEAAAGYa1-aS0Hdk9qz6VCovAFsqya_amBSM8XMuoE61g_KmrMby6J52b3JuzMglSBFpOTyGDfEDy3BeERBVmtZgLRQJir62BP4SgJLG8KdO27sEC7dpZMZbZuTDADS5Lo-s1ntiEQykBnKUvtviqxigVDPdjwC7ZINBPFoNP1uY93ptHqXVfHn5nOEXHZGJbnxNUIt0WBpRGmMPwV9FipGufpNSjlb78zoNnnEZDC1P7lSVuKfeuyaR_-T3BPfJGYMxMiCXbXitlY3xnYaLhf_8LRPWGdqK3EOMXm-wA-yw67K3sIveUGnw8IjyX-QA15UMy5upSxTxuYi41FMATK4p0_0rLpJq7I7QctyOCEP85CjKUXKzd3mUOe7irvyIm5j2zExlsqPypkffK8RjqSO3XpsZWPQSoF8RZZdSUBhR2czram4u0STUQHbqWxuumoAFDWCRyq4LGOf6TmGOH94d1aJ4ov7Oposvsma0FjlYaCXBG-bYStcEjW6q1epHgNsdaIMSH-jfw&refId=5KCh4%2B1OXrvwhbOnb%2B9vIw%3D%3D&trackingId=DxPwiU8n6JaRf5Euw73HcQ%3D%3D&trk=flagship3_search_srp_jobs,LinkedIn,2025-08-02
C# Dotnet Developer,Crédit Agricole CIB,"Singapore, Singapore (Hybrid)",https://www.linkedin.com/jobs/view/4258614194/?eBP=NOT_ELIGIBLE_FOR_CHARGING&refId=aqJ2cbxeg%2BSYdLVX1PxPLg%3D%3D&trackingId=Vnghym%2Bcv5RBWf4CFwfTqg%3D%3D&trk=flagship3_search_srp_jobs,LinkedIn,2025-08-02
Dot Net Developer,Cognizant,"Singapore, Singapore (On-site)",https://www.linkedin.com/jobs/view/4267717776/?eBP=NOT_ELIGIBLE_FOR_CHARGING&refId=aqJ2cbxeg%2BSYdLVX1PxPLg%3D%3D&trackingId=snaufZf%2FuzvEURp2jaqVoQ%3D%3D&trk=flagship3_search_srp_jobs,LinkedIn,2025-08-02
C# FullStack Developer,Adecco,"Singapore, Singapore",https://www.linkedin.com/jobs/view/4275559491/?eBP=NOT_ELIGIBLE_FOR_CHARGING&refId=aqJ2cbxeg%2BSYdLVX1PxPLg%3D%3D&trackingId=yo2yzuza4DT9EObmbe8kQg%3D%3D&trk=flagship3_search_srp_jobs,LinkedIn,2025-08-02
Dotnet Developer,HCLTech,"Singapore, Singapore (On-site)",https://www.linkedin.com/jobs/view/4264330603/?eBP=NOT_ELIGIBLE_FOR_CHARGING&refId=aqJ2cbxeg%2BSYdLVX1PxPLg%3D%3D&trackingId=KcEISQeO2co3ZZmdU%2Bt9qA%3D%3D&trk=flagship3_search_srp_jobs,LinkedIn,2025-08-02
Software Engineer,Talentsis Pte Ltd,"Singapore, Singapore (On-site)",https://www.linkedin.com/jobs/view/4273855159/?eBP=NOT_ELIGIBLE_FOR_CHARGING&refId=aqJ2cbxeg%2BSYdLVX1PxPLg%3D%3D&trackingId=dTjnWNPkjYxL2sjgIXMUJQ%3D%3D&trk=flagship3_search_srp_jobs,LinkedIn,2025-08-02
Software Engineer,Unicast.ai,APAC (Remote),https://www.linkedin.com/jobs/view/4268071434/?eBP=NOT_ELIGIBLE_FOR_CHARGING&refId=7KCW%2FAiLqfNesVJ9ZRxCng%3D%3D&trackingId=UqhZ0Nu55cuCHb8eQ4Ki5Q%3D%3D&trk=flagship3_search_srp_jobs,LinkedIn,2025-08-02
Experienced Software Engineer,Automattic,APAC (Remote),https://www.linkedin.com/jobs/view/4191117617/?eBP=NOT_ELIGIBLE_FOR_CHARGING&refId=7KCW%2FAiLqfNesVJ9ZRxCng%3D%3D&trackingId=YtKbBFdpZmup%2B0CkVk%2Fg%2BQ%3D%3D&trk=flagship3_search_srp_jobs,LinkedIn,2025-08-02
Senior Backend Engineer (Remote EMEA or APAC),Jobgether,APAC (Remote),https://www.linkedin.com/jobs/view/4272862265/?eBP=CwEAAAGYa1-6EWlD83TEt1Kx83It6ncxN5gz61I7kKuv3e3WG-r9_WqxUn0YD2-Kbnla6hBnDUFEDxJ_PA4drUn8G2gUxN_zgqJaixfM-8q8ZI4HD2KXXKZVqCFmFgHQmX-jvnkKX4fGuR4Hj9apnCPeTS8zP2yQ4grTy-qwiiFCCw1PKS2FoAvE0T4Lx6SLEiNyjExKn-K8aw1Mx2UAYwguVADx7NsFbe8KseijtshjwGT6Eu-FlWnnM0R2UE-cRdoquRUkb-489zko0S8icjj1O_3XaRSG89Vj-HVLoE54ebppbAxRRxjdlylLD7T52XERkd1I_5aNqEIvf19R7AwDHJ6DiYWBOiXGipneL8n8VHGwG2r98VpwLfcDTGqO3oC60AtEzPtqfqg0JCz-ITy-GAuNzNRFBVptGAsDgI8Q&refId=7KCW%2FAiLqfNesVJ9ZRxCng%3D%3D&trackingId=%2B%2F9JlCaLND%2F7lMnx1gsUgw%3D%3D&trk=flagship3_search_srp_jobs,LinkedIn,2025-08-02
ドットネットディベロッパー,CLPS Global,Greater Tokyo Area (On-site),https://www.linkedin.com/jobs/view/4270988287/?eBP=NOT_ELIGIBLE_FOR_CHARGING&refId=7KCW%2FAiLqfNesVJ9ZRxCng%3D%3D&trackingId=d44DuK3cCYHcNCM896GuyA%3D%3D&trk=flagship3_search_srp_jobs,LinkedIn,2025-08-02
Senior Software Engineer (Product Integrations),Testlio,APAC (Remote),https://www.linkedin.com/jobs/view/4277679908/?eBP=NOT_ELIGIBLE_FOR_CHARGING&refId=7KCW%2FAiLqfNesVJ9ZRxCng%3D%3D&trackingId=E%2BeXxAq7rRvUL51CbmgQ8Q%3D%3D&trk=flagship3_search_srp_jobs,LinkedIn,2025-08-02
Full Stack Engineer,Pacflow,"Sydney, New South Wales, Australia (Hybrid)",https://www.linkedin.com/jobs/view/4268484293/?eBP=CwEAAAGYa1_KleKjLjGBLNH4rrNa_cpbmjfCQ1H81IhBpqoOak8tiS1GM8E2U7bLk2N1SPwfrw7LZA9iTy-e7_8d-qp6AnzbsZTp5BpLdUU9meiOhp0EYzXN6BhWuEEFj86d93OJOs0jRuUj1QhpowKGxBieKaQPT0AeeWz3lWeKkTY2oXf0i1HuDhDvbS-xF3ScVCH6LUGEWoKakRo12G5ASWaR9Lkdz8lB1P4tN9mmoeW1wnVt7BzplXGcP6HvSbc2UH-smevaEYo6c4BjHgTbPs7gAJch5viy0ulAgkXfmhJONhRWnc4ANL-ybgpDMWvf4yJ2BJyGlqJ-NsFPWwRkM1ZxqzK2yUDsVNZDj2hHYk9nec9djb4_pq6C00_DWMNyKUJcCscrQCBrrVNfPutH8N4SOksbUUTgsnYdgz5cWveuB61-iuh0Otfk1mmv6Cxb1_ywEScO_GEI8R9J9mVEE046iwlQtbPENspbJE95WVC4FZRDKzpg4y6RQ6ZZqTOEx5XwI9jxD6gGyrEGcKPp5f7meFQ&refId=bauaYcqwLy6v5M82NTh01g%3D%3D&trackingId=wkGJ5Gp2Nf1zL9ss0WE0%2Fw%3D%3D&trk=flagship3_search_srp_jobs,LinkedIn,2025-08-02
Full Stack Product Developer,Pier Two,"Brisbane, Queensland, Australia (On-site)",https://www.linkedin.com/jobs/view/4268125590/?eBP=CwEAAAGYa1_KlQXtJOvq1JDKWnGhCoqggjBD3IxbHfNFonxbZ7V5qlCthc38heglQS3Lz2XMb-NqxTPxW1JFaZnbnnCSv3b_IunbAXU7RW3ctQQfA_t-n6KJF2IbtyYwG-tql9lRYuZheE5FTG2QTtUP0xLXNNHjH_Mdl4FmUx3AB01CHoQfozNjwlBX3A_In9rt6kABqzgeonkl8XqacH12YxLi8Jg94MKRFPFj6PZ2XCZ6Lq0XLuBGra_CNE-e4jN-TOxevYujZjZJ5Xu78TjiwktuPgWlvOZO3jrQW1pLcfIhSUKqD6OiBmzBiHViXcqR-GPpVZhnBNM5tQI5lkXjxT9c4FOh5RDBiCAdqa2XyVDogHVgpAVFOg8xDLF5TI4XKk5yam6ojTpF4ZoEU3dBRL1PRwp0M3KUdFboMd89HpeOJg5vBG3BNjMiMJHaRhuNMNOhNembc2x_yP_LgaWT9bvKd6UQqfnOm4PBDz9z52yHQxqsYD2iRBVWL_zmZJTWqjvSYHeXst-y703D9qql6Y1zUrg&refId=bauaYcqwLy6v5M82NTh01g%3D%3D&trackingId=hcv9JCs0JAHKRi%2FX8cvrvA%3D%3D&trk=flagship3_search_srp_jobs,LinkedIn,2025-08-02
Full Stack Engineer,Karista Pty Ltd,"Cremorne, Victoria, Australia (On-site)",https://www.linkedin.com/jobs/view/4271843297/?eBP=CwEAAAGYa1_KlXIAaK_KEIyfDf6j2e-CuGmDYTqv6EF5Qw1LnzzlXkIk3GLkGCV-do1LiPjhtZiHMtUjq87j2ob_PXpnkBOdzqpq7nWp9upPTHyxHGL_LvpRTUYY6dtyW15VjPR3rtcSmMJBYdrJYEKGUayY-zy-Kp_pYvA2OF5Es-G26bPbYPNGM_vDTJlj_9HcVQztYeiT7d4hPhwmkavh7i8wZSnQk7r_B8XfNVzB4krr15GpVLTr5cenqf8nVcW4EBTRWK-Kh8iDp2PZSEKjLHpeSmLiWSPysXfbbqS7LNh-cTrEp3XPF7eudr6Y_YsjF6UO2sRGI18M8jHdfeSUPaWhBLrAxFFk9ycLZGuiNAWBne9q-5Swyd38-y5UVy2IooZdm05XoKX0Culf7X4STCgT9QZazQPRKiJK4NFGHDMgKBE3wnBFP-dehiDAkAn9TTqJmsomCg&refId=bauaYcqwLy6v5M82NTh01g%3D%3D&trackingId=zpE%2BkJ7dosWIJSsDHsUqUw%3D%3D&trk=flagship3_search_srp_jobs,LinkedIn,2025-08-02
Full Stack Engineer,Crystal Equation Corporation,Greater Sydney Area (On-site),https://www.linkedin.com/jobs/view/4266560222/?eBP=CwEAAAGYa1_Klt5HPt6Hto8JbzKo0T4VRoGWtCikFfAGFI6_teg-LiEQfD5bAlVc32VAla4s29ZQxPbtFkTxVicWrN3Q3t97lLQLC7KT5Ddq-NW2iDBzbcvBKfTFS3dtfb5yk7RLrDb6u9yKivQMrMGFFnhrrjjo5hWtv8DP28HWSrnTqx0pn20_Tv0guRrthQ-7iaJNDP64ko93DUEz5LkjwhT1oMYsxY3IQ-mY-T6YFJvgzlKYVwq-3vv_BpCQEw5R8NY9ntSibwUfdQ2qauHq6SQ9UTzVwecAI5P8a6ig1LQym_Anyz4icGRD6ZFGnv3NaBbAsdS52NoAvNdrn3Vvi9WdLk3b278LvEmK1K4rK_fOOjtTEVnYzTuRoFoJ6EGQ5yGkOF60sQYSahAwTpotYi7_pJIHn_GilGKdLTLvHdcvEC-xOSDGzKtoqsxAfPOS4JPeFvI6DLO0MKOlMy-Rzg6bl8bTfXg2U0_L4iog7C8QKtmZ-VM72qNhOU7NXvWubQ&refId=bauaYcqwLy6v5M82NTh01g%3D%3D&trackingId=ER7Jm6kVV8SlXHFlD4Ah4g%3D%3D&trk=flagship3_search_srp_jobs,LinkedIn,2025-08-02
Backend Developer - mid level,Stamp Loyalty,"Melbourne, Victoria, Australia (Hybrid)",https://www.linkedin.com/jobs/view/4246201736/?eBP=CwEAAAGYa1_KljtQSSZ8WR_zh3ieI53NmLD7iu5y_SenZD6vTsX5AC30dmzUEAzAY1X1QBjKybbmmkAvB-dJMkZ_vXI6pbknJDPr77HNThIgiG8Znv-Io8ecQoTBBmjStE0ibtROyOHJlCKX8NDdXElpjImcrWeFtQuZakWUJmQZcSKKGBx0gay53D-9tVHhm-M_Qf3Lnwf2WfROaqgqzs3_Sf7bVtiebjshxZChuDFUqc-70nlmqJi935v9joq6qUrMReqbVNheXrOlb0vr-PxYkPu9r-1-DUIk-idzR6HZxWt-qeiEMud10OtNlBztNvamXkTSuumuG04tVpooptQlZH52W-MEW_Zv3lRjr3367zCx_Nc7toZoPS_Eu9cACgm3bVf6ZiCw_LOL6gSzQpgN3wXNTM32uYudfnGp2k62enUeRNyA9Su8U5eBorA_VAeBDwRlyUbwlanHmLHEDBCYcDj8e-werln76A6bSbfWphg8L2F9knJqmREFigqJfnrYb4_jRIWYUbMQQillZ62lOcwz&refId=bauaYcqwLy6v5M82NTh01g%3D%3D&trackingId=ZbmKj1DpEiqgjw83sG5xhg%3D%3D&trk=flagship3_search_srp_jobs,LinkedIn,2025-08-02
Full Stack Developer,AAA Global,"Singapore, Singapore (On-site)",https://www.linkedin.com/jobs/view/4278951951/?eBP=NOT_ELIGIBLE_FOR_CHARGING&refId=uBgIvNLIDHXeeCsgSHfr2A%3D%3D&trackingId=upBNcSU6DnBn7nr0S9e1IA%3D%3D&trk=flagship3_search_srp_jobs,LinkedIn,2025-08-02
Full Stack Engineer,Twine,Singapore (Remote),https://www.linkedin.com/jobs/view/4274306997/?eBP=NOT_ELIGIBLE_FOR_CHARGING&refId=uBgIvNLIDHXeeCsgSHfr2A%3D%3D&trackingId=7SmKgD%2BOMoJfeE3yK86kLQ%3D%3D&trk=flagship3_search_srp_jobs,LinkedIn,2025-08-02
Full Stack Developer,cynapse.ai,"Singapore, Singapore (On-site)",https://www.linkedin.com/jobs/view/4265928906/?eBP=NOT_ELIGIBLE_FOR_CHARGING&refId=uBgIvNLIDHXeeCsgSHfr2A%3D%3D&trackingId=KlRyiwwHQa9Np%2F8BA4elzQ%3D%3D&trk=flagship3_search_srp_jobs,LinkedIn,2025-08-02
Full Stack Developer,Astek,"Singapore, Singapore (On-site)",https://www.linkedin.com/jobs/view/4271526954/?eBP=NOT_ELIGIBLE_FOR_CHARGING&refId=uBgIvNLIDHXeeCsgSHfr2A%3D%3D&trackingId=9YdGZa%2BJBUbFArxLuIOjgA%3D%3D&trk=flagship3_search_srp_jobs,LinkedIn,2025-08-02
Full Stack Software Developer,DP Architects,"Singapore, Singapore (On-site)",https://www.linkedin.com/jobs/view/4260679730/?eBP=NOT_ELIGIBLE_FOR_CHARGING&refId=uBgIvNLIDHXeeCsgSHfr2A%3D%3D&trackingId=0O4yNs7cAYJxDDMtvBAmWg%3D%3D&trk=flagship3_search_srp_jobs,LinkedIn,2025-08-02
"Full Stack Developer (.NET, Javascript) (10-12 Years)",InApp,Kochi Metropolitan Area (On-site),https://www.linkedin.com/jobs/view/4272094481/?eBP=NOT_ELIGIBLE_FOR_CHARGING&refId=N7WlfZYR8Y1vojBZqF3dWw%3D%3D&trackingId=KznkM3FsM%2B7bTqcnsR6GCA%3D%3D&trk=flagship3_search_srp_jobs,LinkedIn,2025-08-02
"【Full Stack Web Developer】 great opportuntity to work in a fast-growing, international startup",elife,Japan,https://www.linkedin.com/jobs/view/4268411106/?eBP=NOT_ELIGIBLE_FOR_CHARGING&refId=N7WlfZYR8Y1vojBZqF3dWw%3D%3D&trackingId=3CGqkltI6vknUQeEij4iOQ%3D%3D&trk=flagship3_search_srp_jobs,LinkedIn,2025-08-02
Software Engineer,Unicast.ai,APAC (Remote),https://www.linkedin.com/jobs/view/4268071434/?eBP=NOT_ELIGIBLE_FOR_CHARGING&refId=N7WlfZYR8Y1vojBZqF3dWw%3D%3D&trackingId=xmx38glEXEieTCky47kFtw%3D%3D&trk=flagship3_search_srp_jobs,LinkedIn,2025-08-02
Senior Backend Engineer (Remote EMEA or APAC),Jobgether,APAC (Remote),https://www.linkedin.com/jobs/view/4272862265/?eBP=CwEAAAGYa1_rCLHym4CvhhSBscPnNFdjWYFeBx5Y9G3EPyd7Ijs_pntOBzTZAvw81SmkENh02btnFwpgkL6mA9AvGLHZx5Y_mmx2esI25LYCOK9gk4_w-ZlMnAVyEi1gjBYuH06vPUKpQYTXBMg7zMGjyHimu0kmYxAaN9HBoeu9_MxXnvBeWIbKGTcH0lGLOq5NMwnCBBOGbLGA1v3QFyyWhNFv1Ic03ugR-YNwXneeDISPdGFNeCo9AwHWQ2g6QM5z1Ooo7uF3LuqvvGLd9RF7Fa8z0HynyuM5Up3-HbVNZ-e7lIfIgYDczqKnOlksOsgihqvtfCHOnOSXgMxaD8w6XXDatIELzn5Qkqi1qBKhY10elvefa-vZlOBBmNlZOLhVpVF_iWhEHv0_UMrD6ZXJFeLk3gOV9Bk4y0LVGwePgG7Nk8oM&refId=N7WlfZYR8Y1vojBZqF3dWw%3D%3D&trackingId=Un%2BwzfwJzQG5o30Ckvjahg%3D%3D&trk=flagship3_search_srp_jobs,LinkedIn,2025-08-02
Shopify Full Stack Developer,ADAMEVEJP,"Tokyo, Tokyo, Japan (On-site)",https://www.linkedin.com/jobs/view/4268285314/?eBP=NOT_ELIGIBLE_FOR_CHARGING&refId=N7WlfZYR8Y1vojBZqF3dWw%3D%3D&trackingId=i0tmXCSCIc5tLyYIxRJTLw%3D%3D&trk=flagship3_search_srp_jobs,LinkedIn,2025-08-02
